name,seed,F1@5,Precision@5,Recall@5,NDCG@5,PSP@5,PSDCG@5,MAP@5,F1@10,Precision@10,Recall@10,NDCG@10,PSP@10,PSDCG@10,MAP@10,F1@15,Precision@15,Recall@15,NDCG@15,PSP@15,PSDCG@15,MAP@15,F1@20,Precision@20,Recall@20,NDCG@20,PSP@20,PSDCG@20,MAP@20,F1@25,Precision@25,Recall@25,NDCG@25,PSP@25,PSDCG@25,MAP@25,MRR
T2L2-W/O-propagation,1,0.2462,0.1631,0.5587,0.4649,7.8542,24.2328,0.536,0.16,0.093,0.6287,0.4751,7.3681,35.3971,0.5324,0.1169,0.0648,0.6472,0.4942,6.329,41.0074,0.5312,0.0935,0.0505,0.6652,0.5049,5.6976,45.4993,0.5237,0.0799,0.0425,0.6904,0.5152,5.6209,51.2818,0.5162,0.7425
T2L2-W/O-propagation,12,0.2429,0.1609,0.5408,0.4609,7.6124,21.0246,0.5103,0.1569,0.0912,0.5981,0.4706,6.2843,28.9352,0.508,0.1206,0.0668,0.6522,0.4923,6.8276,39.5649,0.5035,0.0966,0.0522,0.6742,0.5057,6.2592,44.905,0.4999,0.0812,0.0433,0.6967,0.5134,6.2315,51.5839,0.497,0.733
T2L2-W/O-propagation,123,0.2455,0.1626,0.5448,0.4744,5.9769,18.5743,0.5317,0.1649,0.0958,0.6296,0.4746,7.1331,32.0002,0.528,0.123,0.0681,0.6587,0.4983,6.6184,39.3609,0.521,0.099,0.0535,0.6844,0.5166,6.008,44.2579,0.5168,0.0829,0.0441,0.6993,0.526,5.7941,49.6307,0.5144,0.7496
T2L2-W/O-propagation,1234,0.2475,0.164,0.5638,0.4475,11.0338,32.6258,0.5194,0.1607,0.0934,0.6165,0.465,8.0219,40.7625,0.5152,0.1195,0.0662,0.6437,0.4856,6.9534,47.2469,0.5107,0.0957,0.0518,0.6718,0.5005,6.9232,55.3536,0.5085,0.0814,0.0433,0.6972,0.5103,6.3756,59.9214,0.5063,0.7432
T2L2-W/O-propagation,12345,0.2402,0.1591,0.543,0.4608,6.7751,20.317,0.5175,0.1611,0.0936,0.6164,0.4631,6.7697,30.9457,0.5147,0.1216,0.0674,0.6586,0.4832,7.1289,41.3811,0.5094,0.0984,0.0532,0.6835,0.5037,7.1906,49.9424,0.5047,0.0827,0.044,0.7034,0.5144,6.5061,54.0909,0.5014,0.7519
T2L2,1,0.1931,0.1288,0.4371,0.2763,1.7243,4.9964,0.4134,0.141,0.082,0.5257,0.2805,1.7169,7.7746,0.4122,0.1071,0.0593,0.5604,0.3062,1.6982,9.9678,0.4096,0.0868,0.0469,0.5892,0.334,1.6563,11.7857,0.4043,0.0746,0.0397,0.6283,0.3512,1.6332,13.4835,0.4043,0.4145
T2L2,12,0.1931,0.1279,0.4173,0.2703,1.7708,5.073,0.3965,0.138,0.0802,0.5207,0.282,1.7772,7.9565,0.4093,0.1034,0.0573,0.5462,0.3069,1.6923,9.9846,0.403,0.0864,0.0467,0.5757,0.3326,1.7586,12.3211,0.3977,0.0725,0.0386,0.5933,0.3514,1.7376,14.1319,0.3964,0.4253
T2L2,123,0.1938,0.1288,0.4371,0.2802,1.7243,4.9964,0.4134,0.141,0.082,0.5257,0.2818,1.7169,7.7487,0.4116,0.1055,0.0585,0.5503,0.3088,1.6221,9.6514,0.408,0.0856,0.0463,0.5751,0.3371,1.5899,11.4254,0.4027,0.0723,0.0385,0.5926,0.3521,1.7337,13.9555,0.3998,0.4177
T2L2,1234,0.1931,0.1279,0.4173,0.292,1.7708,5.0864,0.3997,0.1437,0.0835,0.5317,0.2947,1.8683,8.2218,0.4123,0.1063,0.0589,0.5544,0.3213,2.2046,11.886,0.4093,0.0823,0.0445,0.5584,0.3464,2.5585,16.046,0.4075,0.0677,0.036,0.5651,0.3686,3.5841,24.4155,0.4075,0.4662
T2L2,12345,0.1944,0.1288,0.4371,0.2701,1.7243,4.9964,0.4134,0.1437,0.0835,0.5317,0.274,1.8683,8.2123,0.4121,0.1055,0.0585,0.5566,0.299,1.6305,9.7081,0.4096,0.0874,0.0473,0.5925,0.3276,1.7395,12.1529,0.4036,0.0721,0.0384,0.6022,0.3454,1.5692,13.1116,0.4041,0.3865
MLP,1,0.2528,0.1675,0.5641,0.4726,12.064,35.7215,0.5454,0.1652,0.096,0.6323,0.4926,8.756,44.5053,0.5463,0.1264,0.07,0.6771,0.5111,8.4391,54.7327,0.5385,0.1014,0.0548,0.697,0.5238,7.9889,62.5428,0.5302,0.0844,0.0449,0.708,0.5334,7.1065,66.5079,0.5268,0.7521
MLP,12,0.2415,0.16,0.548,0.4858,8.9073,24.9905,0.5397,0.163,0.0947,0.6273,0.481,7.7939,35.6484,0.5388,0.124,0.0687,0.6716,0.5068,7.2954,43.9807,0.5268,0.1,0.0541,0.6965,0.5217,7.0653,51.4279,0.5246,0.0835,0.0445,0.7105,0.5313,6.5789,56.5192,0.5211,0.7655
MLP,123,0.2541,0.1684,0.5764,0.4803,10.2188,30.605,0.5534,0.1618,0.0941,0.6248,0.4875,7.539,38.627,0.551,0.1203,0.0667,0.6489,0.5094,6.3508,44.0006,0.5459,0.097,0.0524,0.6761,0.5242,6.313,51.3169,0.5434,0.0829,0.0441,0.715,0.5368,6.8884,61.3257,0.5399,0.7741
MLP,1234,0.2595,0.1719,0.5776,0.4764,13.6903,38.8959,0.5517,0.1687,0.098,0.6427,0.4916,9.8514,48.3686,0.5494,0.1259,0.0697,0.6788,0.5129,8.5312,56.2032,0.5437,0.0996,0.0538,0.6929,0.5257,7.0668,59.3651,0.542,0.0845,0.045,0.7152,0.5339,6.9735,66.5647,0.5361,0.765
MLP,12345,0.2581,0.171,0.5805,0.4594,14.4823,39.8286,0.5375,0.1675,0.0974,0.6393,0.4754,11.0047,52.1009,0.5329,0.1237,0.0686,0.6668,0.5052,9.5273,60.557,0.5304,0.0984,0.0532,0.6876,0.5204,7.9602,64.3719,0.5263,0.0829,0.0441,0.7067,0.5291,7.4485,70.2472,0.522,0.7481
SimpleMM,1,0.2588,0.1714,0.598,0.5983,23.3788,75.5151,0.6175,0.163,0.0947,0.6448,0.5793,19.3785,99.4871,0.6127,0.1195,0.0662,0.6678,0.5905,16.2578,112.7239,0.6102,0.0953,0.0515,0.6875,0.5987,13.6677,119.6911,0.6061,0.0794,0.0423,0.6978,0.6048,11.4048,122.2916,0.6031,0.8753
SimpleMM,12,0.2568,0.1701,0.6018,0.6093,24.2127,78.7295,0.6276,0.16,0.093,0.6434,0.5788,18.6067,99.9012,0.6245,0.1187,0.0658,0.6729,0.5936,14.7075,108.9427,0.622,0.0939,0.0508,0.6866,0.602,12.9847,118.3283,0.6178,0.0781,0.0416,0.6978,0.6099,11.2825,123.2191,0.617,0.8723
SimpleMM,123,0.2468,0.1635,0.5836,0.5942,21.2086,71.4932,0.6193,0.1486,0.0864,0.6089,0.5761,14.7124,84.8504,0.6163,0.1121,0.0621,0.6359,0.5826,11.9982,93.5186,0.6075,0.0896,0.0485,0.6531,0.5878,10.7365,101.7443,0.6032,0.075,0.0399,0.6687,0.5928,10.0742,109.9136,0.6004,0.8835
SimpleMM,1234,0.2575,0.1705,0.6007,0.5965,24.4755,81.9316,0.6149,0.1607,0.0934,0.6389,0.5815,18.508,102.5996,0.6141,0.1195,0.0662,0.6672,0.5932,16.3621,118.6746,0.6089,0.0945,0.0511,0.6803,0.5999,13.686,125.3546,0.6029,0.0781,0.0416,0.6899,0.6038,11.7331,129.6723,0.6007,0.8739
SimpleMM,12345,0.2522,0.167,0.5867,0.612,20.9709,74.2727,0.6177,0.1596,0.0927,0.6319,0.5823,16.2875,92.8588,0.612,0.1185,0.0656,0.659,0.5898,14.8306,108.6267,0.6065,0.0937,0.0507,0.6744,0.5963,12.6053,115.4589,0.6036,0.0778,0.0414,0.6843,0.6018,10.649,118.5674,0.6026,0.8676
MTFM,1,0.1944,0.1288,0.4371,0.4845,1.7243,5.0517,0.4157,0.1471,0.0855,0.5473,0.3694,2.073,8.8713,0.4114,0.1076,0.0596,0.5694,0.364,1.8358,10.7015,0.4114,0.0864,0.0467,0.594,0.3803,1.8686,13.0406,0.4108,0.0726,0.0387,0.6122,0.3875,1.7549,14.4558,0.4105,0.7917
MTFM,12,0.1944,0.1288,0.4371,0.51,1.7243,5.0009,0.4078,0.1452,0.0844,0.5469,0.3753,1.9504,8.4566,0.4096,0.1103,0.0611,0.5903,0.3662,1.9462,10.9924,0.4095,0.0878,0.0475,0.6113,0.3855,1.7353,12.2922,0.4089,0.0731,0.0389,0.6204,0.3978,1.6217,13.5769,0.4049,0.8398
MTFM,123,0.1924,0.1275,0.433,0.4761,1.6969,4.9453,0.4034,0.1445,0.084,0.5334,0.3559,1.9386,8.3904,0.4064,0.1076,0.0596,0.5602,0.3459,1.8397,10.5536,0.4022,0.0876,0.0474,0.601,0.355,1.9177,13.1086,0.404,0.0735,0.0391,0.6182,0.3781,1.818,14.6599,0.4018,0.788
MTFM,1234,0.1944,0.1288,0.4371,0.5119,1.7243,5.0749,0.4098,0.1373,0.0798,0.5012,0.3743,1.6828,7.7522,0.408,0.1095,0.0607,0.5789,0.3613,1.8351,10.5797,0.4058,0.0864,0.0467,0.5922,0.3884,1.8779,12.9282,0.4029,0.0723,0.0385,0.6076,0.4031,1.7587,14.3131,0.4031,0.81
MTFM,12345,0.1944,0.1288,0.4371,0.5124,1.7243,5.0478,0.4146,0.1429,0.0831,0.5195,0.39,1.9418,8.5165,0.4089,0.1052,0.0583,0.5516,0.3898,1.6176,9.7804,0.4087,0.0825,0.0446,0.5612,0.3981,1.4181,10.7257,0.4075,0.0708,0.0377,0.5979,0.4081,1.6678,13.6264,0.4061,0.865
LightGCL,1,0.0544,0.036,0.1328,0.0748,,,0.1333,0.0378,0.022,0.1628,0.0793,,,0.138,0.0283,0.0157,0.1714,0.0891,,,0.1393,0.0226,0.0122,0.1757,0.0913,,,0.1397,0.0192,0.0102,0.1828,0.0928,,,0.1392,0.1668
LightGCL,12,0.0511,0.0338,0.1204,0.0522,,,0.1301,0.0348,0.0202,0.1434,0.0611,,,0.1321,0.0267,0.0148,0.1573,0.0646,,,0.131,0.022,0.0119,0.1702,0.0673,,,0.1319,0.0192,0.0102,0.1813,0.0689,,,0.1316,0.1275
LightGCL,123,0.0537,0.0356,0.1286,0.0965,,,0.1351,0.0367,0.0213,0.151,0.0956,,,0.1366,0.0278,0.0154,0.1597,0.0974,,,0.1371,0.024,0.013,0.1754,0.0992,,,0.1362,0.0206,0.011,0.1849,0.1012,,,0.1365,0.1993
LightGCL,1234,0.0511,0.0338,0.1265,0.0538,,,0.1162,0.0355,0.0207,0.1522,0.0601,,,0.1195,0.027,0.0149,0.1636,0.0674,,,0.1202,0.0218,0.0118,0.1717,0.068,,,0.1208,0.0187,0.0099,0.1774,0.0702,,,0.1212,0.1266
LightGCL,12345,0.0577,0.0382,0.1416,0.0874,,,0.1404,0.0393,0.0229,0.1644,0.0874,,,0.1436,0.0286,0.0158,0.1703,0.0883,,,0.1444,0.0236,0.0127,0.1838,0.0909,,,0.1448,0.0203,0.0108,0.1934,0.0927,,,0.1452,0.1767
Contrastive-MM,1,0.2833,0.1877,0.6281,0.6448,17.0217,59.4933,0.6414,0.1792,0.1042,0.6695,0.6252,11.7613,70.0037,0.6332,0.1338,0.0741,0.7051,0.6384,10.6253,81.0931,0.6271,0.1067,0.0577,0.7298,0.6497,9.188,86.8681,0.625,0.0883,0.047,0.7427,0.6575,8.3137,92.121,0.6244,0.9118
Contrastive-MM,12,0.2814,0.1864,0.6326,0.6312,19.4306,65.5079,0.6456,0.1773,0.1031,0.6779,0.6175,14.1481,79.5593,0.6368,0.1322,0.0733,0.7092,0.6259,12.1625,90.3924,0.6326,0.1049,0.0567,0.724,0.6372,9.9678,94.4087,0.6279,0.088,0.0469,0.742,0.6449,9.0146,100.067,0.6252,0.8921
Contrastive-MM,123,0.2814,0.1864,0.6345,0.6302,18.7895,63.3423,0.6474,0.18,0.1046,0.6844,0.6161,14.2749,78.8141,0.6377,0.1335,0.074,0.712,0.6311,11.3359,86.0625,0.6343,0.1073,0.058,0.7356,0.6414,9.5906,91.1722,0.6286,0.0896,0.0477,0.7537,0.6483,8.786,97.3276,0.624,0.8896
Contrastive-MM,1234,0.28,0.1855,0.6279,0.6239,15.7291,52.9559,0.6384,0.1766,0.1026,0.672,0.613,10.9812,62.7093,0.6309,0.1322,0.0733,0.6996,0.6236,9.63,71.8594,0.6245,0.1047,0.0566,0.7167,0.6342,8.3141,76.9707,0.622,0.088,0.0469,0.7367,0.6433,7.3219,80.6354,0.6184,0.8947
Contrastive-MM,12345,0.2867,0.1899,0.6367,0.628,17.0119,54.789,0.6292,0.1811,0.1053,0.6816,0.6142,12.4037,67.4272,0.6259,0.1346,0.0746,0.7118,0.6286,10.2035,75.1666,0.6232,0.1085,0.0587,0.7373,0.6389,9.2044,82.4771,0.6161,0.0901,0.048,0.7459,0.6455,8.1227,86.6024,0.612,0.8863
Random-MM,1,0.2814,0.1864,0.6322,0.649,20.1148,68.771,0.6494,0.1823,0.1059,0.6887,0.6318,17.6244,93.6909,0.6442,0.1327,0.0736,0.708,0.6423,13.097,99.0862,0.6373,0.1053,0.0569,0.7232,0.6535,11.6359,107.7177,0.6344,0.0875,0.0466,0.7369,0.662,9.8528,110.7096,0.6316,0.9109
Random-MM,12,0.2807,0.1859,0.6308,0.6424,17.5961,59.8251,0.6466,0.1781,0.1035,0.6798,0.6253,13.6114,74.9341,0.6379,0.1338,0.0741,0.7085,0.6407,11.1326,83.0911,0.6289,0.1061,0.0574,0.7276,0.6482,9.4407,88.2801,0.628,0.0875,0.0466,0.7383,0.6563,8.2291,91.9552,0.6261,0.9105
Random-MM,123,0.2833,0.1877,0.6344,0.6241,18.2445,59.5465,0.6367,0.18,0.1046,0.6801,0.615,14.2672,76.0703,0.6298,0.1338,0.0741,0.7055,0.63,11.1657,82.5799,0.6223,0.1077,0.0582,0.735,0.639,10.5004,92.6494,0.6191,0.0892,0.0475,0.7454,0.6487,8.9295,95.5722,0.6168,0.8898
Random-MM,1234,0.2827,0.1873,0.6346,0.6307,21.7367,72.0568,0.6419,0.1773,0.1031,0.6757,0.6191,16.9715,91.4773,0.6356,0.1311,0.0727,0.6946,0.6291,12.9488,97.9325,0.6291,0.1045,0.0565,0.7155,0.6417,10.7736,102.9576,0.6263,0.088,0.0469,0.738,0.6461,9.8023,109.4124,0.6207,0.9132
Random-MM,12345,0.2827,0.1873,0.6293,0.6364,18.02,63.1447,0.638,0.1804,0.1048,0.6754,0.6171,13.3875,77.5487,0.6361,0.133,0.0737,0.7022,0.6361,10.713,84.6537,0.6352,0.1061,0.0574,0.7259,0.6479,9.061,89.5489,0.6315,0.0896,0.0477,0.7493,0.6533,8.8454,98.2157,0.6258,0.9029
FISR,1,0.1938,0.1284,0.436,0.2692,2.4099,6.6966,0.4119,0.1392,0.0809,0.5335,0.2886,8.2998,29.9353,0.4129,0.1105,0.0612,0.5986,0.3104,6.8234,35.0609,0.4137,0.0919,0.0497,0.6391,0.3282,5.9319,38.9487,0.408,0.0773,0.0411,0.6589,0.3452,5.0622,40.6778,0.406,0.3982
FISR,12,0.1951,0.1292,0.4393,0.2753,2.4338,6.7665,0.414,0.141,0.082,0.5456,0.2849,7.5226,26.629,0.4152,0.1108,0.0614,0.5989,0.3132,7.2175,35.3575,0.4148,0.0898,0.0486,0.6306,0.3317,5.8087,37.2382,0.4117,0.0773,0.0411,0.6557,0.3467,5.0492,39.4415,0.407,0.4007
FISR,123,0.1944,0.1288,0.4382,0.2712,2.4219,6.7438,0.4133,0.1437,0.0835,0.5599,0.2823,8.6981,29.8873,0.4164,0.1063,0.0589,0.5806,0.3072,7.2392,35.8024,0.4165,0.0884,0.0478,0.6191,0.3292,5.7307,37.2425,0.4143,0.074,0.0394,0.6368,0.3448,5.1089,40.1545,0.4119,0.3883
FISR,1234,0.1944,0.1288,0.4382,0.2746,2.4219,6.4912,0.4131,0.1407,0.0818,0.5445,0.2879,7.4382,26.3578,0.4145,0.1105,0.0612,0.5986,0.3147,6.8234,33.7166,0.4145,0.0913,0.0493,0.6361,0.3331,5.8776,37.3558,0.4092,0.0771,0.0411,0.6553,0.3436,5.0097,39.0518,0.4066,0.3987
FISR,12345,0.1944,0.1288,0.4382,0.2744,2.4219,6.5002,0.4132,0.1403,0.0815,0.5423,0.2865,7.4199,26.3654,0.4143,0.1108,0.0614,0.5989,0.3128,7.2175,35.4131,0.4146,0.0907,0.049,0.6354,0.3304,5.8811,37.6234,0.4092,0.0769,0.041,0.6545,0.3447,4.9875,39.1646,0.4069,0.3978
Contras-MM-10,1,0.2847,0.1886,0.6362,0.6238,24.6528,78.9633,0.6413,0.18,0.1046,0.675,0.6177,17.6218,96.3164,0.6377,0.1325,0.0734,0.706,0.629,14.6543,107.9712,0.6331,0.1057,0.0571,0.7276,0.6391,11.9625,112.5966,0.6292,0.0873,0.0465,0.7358,0.6466,9.8493,114.112,0.6267,0.8874
Contras-MM-10,12,0.286,0.1895,0.6423,0.6353,20.9945,68.5287,0.6442,0.1743,0.1013,0.6679,0.6167,13.1691,77.1065,0.6377,0.1322,0.0733,0.7106,0.6266,12.1449,90.3699,0.6326,0.1043,0.0564,0.7204,0.6344,9.9375,94.2563,0.6294,0.087,0.0463,0.7335,0.6426,9.227,101.3146,0.6264,0.8866
Contras-MM-10,123,0.2774,0.1837,0.6218,0.6166,13.276,45.5774,0.6267,0.1815,0.1055,0.6818,0.6079,10.9465,59.392,0.6192,0.1346,0.0746,0.712,0.6209,9.9883,69.9554,0.6141,0.1069,0.0578,0.7321,0.6334,8.5234,74.7935,0.6089,0.0888,0.0473,0.7468,0.6423,7.3386,77.6199,0.6074,0.8905
Contras-MM-10,1234,0.2807,0.1859,0.6266,0.619,15.256,52.1209,0.6321,0.1773,0.1031,0.6677,0.6103,11.4836,64.412,0.6213,0.1304,0.0722,0.693,0.6227,9.2837,70.9506,0.6189,0.1047,0.0566,0.7176,0.6343,8.3812,77.6648,0.6161,0.0882,0.0469,0.7346,0.6404,7.5775,82.4532,0.6098,0.889
Contras-MM-10,12345,0.2794,0.1851,0.6233,0.6148,14.24,49.9427,0.629,0.1766,0.1026,0.6653,0.607,9.5349,58.0206,0.624,0.1325,0.0734,0.696,0.6214,8.3362,65.9642,0.6176,0.1061,0.0574,0.7173,0.6363,7.5364,72.0657,0.6132,0.0895,0.0476,0.7416,0.6453,7.1509,78.2039,0.6071,0.8996
Contras-MM-20,1,0.2853,0.189,0.6298,0.648,19.8612,66.9648,0.6397,0.1819,0.1057,0.6793,0.6262,16.1687,87.1119,0.6377,0.1335,0.074,0.7049,0.6419,13.0746,96.3146,0.6339,0.1069,0.0578,0.7263,0.65,11.0733,102.3004,0.6283,0.0895,0.0476,0.7447,0.6592,9.925,108.1677,0.6252,0.9122
Contras-MM-20,12,0.2814,0.1864,0.6356,0.6342,20.0311,64.8223,0.6459,0.1773,0.1031,0.6776,0.6155,14.1999,78.2785,0.6352,0.1322,0.0733,0.7086,0.6276,12.1575,88.8524,0.6307,0.1053,0.0569,0.7284,0.6348,10.1942,93.9305,0.6265,0.088,0.0469,0.74,0.6432,9.5688,101.6243,0.6242,0.8834
Contras-MM-20,123,0.2794,0.1851,0.623,0.6148,13.6199,46.4819,0.6256,0.1823,0.1059,0.6825,0.6054,11.2063,60.4257,0.6186,0.1341,0.0743,0.7111,0.6193,9.7162,69.2475,0.6136,0.1063,0.0575,0.7286,0.6313,8.1614,73.389,0.6086,0.0888,0.0473,0.7457,0.6432,7.3149,77.682,0.6055,0.8869
Contras-MM-20,1234,0.2867,0.1899,0.6314,0.6227,16.9613,56.098,0.6373,0.1804,0.1048,0.6783,0.6106,12.1543,67.7237,0.63,0.1333,0.0738,0.7042,0.6271,10.7796,78.2434,0.6247,0.1057,0.0571,0.7212,0.6364,9.1187,83.2173,0.6206,0.0882,0.0469,0.7355,0.6434,8.084,87.489,0.6158,0.8823
Contras-MM-20,12345,0.2893,0.1916,0.6437,0.6253,20.6951,67.4942,0.6345,0.1804,0.1048,0.6796,0.6206,13.4679,77.2818,0.6303,0.1338,0.0741,0.7061,0.6347,11.6499,87.9555,0.6252,0.1067,0.0577,0.7261,0.6467,10.5521,96.4373,0.6216,0.0898,0.0478,0.747,0.653,10.0708,105.3663,0.6162,0.9044
Contras-MM-30,1,0.2833,0.1877,0.6261,0.642,17.1098,60.3236,0.6427,0.1777,0.1033,0.6662,0.6264,11.4881,69.8381,0.6332,0.1338,0.0741,0.7039,0.6379,10.9416,82.9604,0.6296,0.1071,0.0579,0.7273,0.6483,9.9611,91.2575,0.6256,0.0887,0.0472,0.7365,0.6578,8.5645,94.4933,0.6239,0.9168
Contras-MM-30,12,0.2847,0.1886,0.6336,0.6399,19.2079,64.5542,0.6504,0.1811,0.1053,0.6842,0.6193,15.1829,82.3407,0.6424,0.1325,0.0734,0.7048,0.6355,11.5168,87.9004,0.6385,0.1055,0.057,0.7234,0.6452,10.5225,96.7844,0.6351,0.088,0.0469,0.7378,0.6527,9.3283,101.7298,0.6324,0.881
Contras-MM-30,123,0.2814,0.1864,0.6302,0.6228,15.2031,51.5554,0.6392,0.1796,0.1044,0.6813,0.6155,11.4696,64.0261,0.6319,0.1346,0.0746,0.715,0.623,10.228,74.1419,0.625,0.1073,0.058,0.7355,0.636,8.6755,78.9016,0.6222,0.0896,0.0477,0.7501,0.6435,7.5582,82.2595,0.6172,0.897
Contras-MM-30,1234,0.286,0.1895,0.6316,0.6253,17.3343,56.5789,0.6353,0.1804,0.1048,0.6783,0.6104,12.4365,68.3907,0.6293,0.1327,0.0736,0.7002,0.6253,10.1551,75.6828,0.6239,0.1053,0.0569,0.7206,0.6379,8.9464,82.0117,0.6186,0.0887,0.0472,0.7425,0.6429,8.0105,86.6483,0.6146,0.8795
Contras-MM-30,12345,0.2787,0.1846,0.6269,0.6298,17.2191,59.7206,0.6333,0.1811,0.1053,0.677,0.615,15.0547,79.9777,0.6257,0.133,0.0737,0.7047,0.6306,11.2681,84.8227,0.6228,0.1065,0.0576,0.7266,0.6443,10.2201,93.2685,0.6191,0.0893,0.0476,0.7478,0.6527,9.4543,100.2995,0.6169,0.8952
Contras-MM-40,1,0.2827,0.1873,0.6262,0.6415,17.1125,60.4641,0.644,0.1792,0.1042,0.6739,0.6283,12.5108,73.0689,0.6352,0.1338,0.0741,0.7018,0.6379,10.9351,83.3428,0.6292,0.1071,0.0579,0.7279,0.6503,9.8752,91.3084,0.6252,0.0895,0.0476,0.7456,0.6591,9.2228,98.4428,0.6242,0.9196
Contras-MM-40,12,0.2827,0.1873,0.6332,0.6357,19.6988,65.6774,0.6443,0.1773,0.1031,0.6761,0.6208,14.2931,80.346,0.6378,0.1322,0.0733,0.7079,0.6303,12.639,92.5351,0.6309,0.1047,0.0566,0.7263,0.6419,10.2551,96.1974,0.6291,0.087,0.0463,0.7385,0.6487,8.6851,98.8325,0.6279,0.8932
Contras-MM-40,123,0.2847,0.1886,0.6399,0.6275,17.2031,56.3043,0.6374,0.1804,0.1048,0.684,0.6195,12.3626,68.3439,0.6311,0.1351,0.0749,0.7145,0.6325,10.5179,77.3898,0.6252,0.1083,0.0586,0.7416,0.6438,9.1734,83.5131,0.6194,0.0893,0.0476,0.7516,0.6523,7.8332,86.2589,0.6174,0.9061
Contras-MM-40,1234,0.2807,0.1859,0.6264,0.6208,15.6271,52.4067,0.6303,0.1785,0.1037,0.6696,0.6125,11.6777,64.6099,0.6196,0.1322,0.0733,0.7011,0.6247,9.8725,72.816,0.6174,0.1045,0.0565,0.7144,0.6357,8.1223,76.2129,0.6137,0.0877,0.0467,0.7297,0.6444,7.5007,81.6831,0.6102,0.8878
Contras-MM-40,12345,0.2867,0.1899,0.6362,0.629,19.7649,67.0758,0.6393,0.18,0.1046,0.6805,0.6218,13.9401,79.8847,0.6335,0.1346,0.0746,0.7103,0.6333,11.5266,88.5768,0.6283,0.1067,0.0577,0.7273,0.6437,9.9515,94.7709,0.6253,0.0893,0.0476,0.7464,0.6529,9.5349,103.2866,0.6204,0.8971
Contras-MM-50,1,0.2853,0.189,0.6294,0.6393,19.716,66.9675,0.6446,0.1815,0.1055,0.6782,0.6242,16.1043,87.5281,0.6395,0.1338,0.0741,0.7073,0.6396,13.5583,98.6853,0.6387,0.1067,0.0577,0.7242,0.6476,11.0576,102.9371,0.6321,0.0898,0.0478,0.7486,0.6569,10.1402,110.0352,0.6267,0.9
Contras-MM-50,12,0.278,0.1842,0.6253,0.6359,17.5147,61.3182,0.6496,0.1792,0.1042,0.6785,0.6133,14.1413,78.7657,0.6394,0.1338,0.0741,0.7163,0.6289,13.7411,95.7877,0.6352,0.1061,0.0574,0.7289,0.641,11.3717,100.7487,0.6299,0.0873,0.0465,0.7346,0.648,9.3132,101.9332,0.6278,0.8851
Contras-MM-50,123,0.2827,0.1873,0.6309,0.6223,18.3648,60.9872,0.6374,0.1785,0.1037,0.6789,0.6179,13.8778,76.4889,0.6332,0.1327,0.0736,0.7174,0.6299,12.4272,89.0842,0.6258,0.1071,0.0579,0.7405,0.6388,10.6984,95.6152,0.6216,0.0898,0.0478,0.7591,0.6453,9.6951,101.8173,0.6169,0.8974
Contras-MM-50,1234,0.282,0.1868,0.6271,0.6173,15.9335,53.9526,0.6369,0.1777,0.1033,0.6699,0.6114,11.86,66.3212,0.6267,0.1311,0.0727,0.6984,0.6244,9.534,72.7556,0.6226,0.1055,0.057,0.7212,0.6359,8.4176,78.7362,0.6196,0.0878,0.0468,0.7314,0.6441,7.4775,82.7721,0.6161,0.89
Contras-MM-50,12345,0.2873,0.1903,0.6382,0.6271,20.3958,67.3991,0.6355,0.1785,0.1037,0.6722,0.6187,13.2514,77.1527,0.631,0.1338,0.0741,0.709,0.6314,11.3866,87.157,0.6279,0.1063,0.0575,0.7272,0.6454,9.6593,92.4764,0.6245,0.0896,0.0477,0.7463,0.6535,9.6227,102.7467,0.6201,0.9008
Contras-MM-60,1,0.284,0.1881,0.6296,0.64,19.3514,65.7001,0.6467,0.1819,0.1057,0.6763,0.6247,15.8174,85.5848,0.6392,0.1348,0.0747,0.7101,0.6379,13.5284,97.4856,0.6341,0.1067,0.0577,0.7281,0.6467,11.3985,103.406,0.6328,0.0896,0.0477,0.7499,0.6576,9.937,107.8854,0.627,0.8984
Contras-MM-60,12,0.2787,0.1846,0.6281,0.6389,18.6919,63.4096,0.6476,0.1773,0.1031,0.6769,0.614,13.6935,77.4866,0.6384,0.1346,0.0746,0.7192,0.6297,13.8071,96.095,0.6307,0.1057,0.0571,0.7292,0.6394,11.2774,100.4657,0.6285,0.0872,0.0464,0.7343,0.6481,9.5553,103.3543,0.6259,0.8871
Contras-MM-60,123,0.28,0.1855,0.6237,0.612,14.205,47.9116,0.6255,0.1826,0.1062,0.6869,0.6069,10.8784,59.9647,0.6205,0.1338,0.0741,0.7111,0.6198,9.6845,69.5295,0.6169,0.1065,0.0576,0.7326,0.6344,8.3367,74.5924,0.6112,0.0895,0.0476,0.7498,0.6437,7.5095,79.1689,0.6059,0.8874
Contras-MM-60,1234,0.286,0.1895,0.632,0.6192,16.9376,56.215,0.6362,0.1804,0.1048,0.6763,0.6059,12.1881,67.7611,0.6291,0.1327,0.0736,0.7029,0.6215,10.3637,76.5089,0.6244,0.1047,0.0566,0.7158,0.6307,9.0648,82.6337,0.6209,0.0893,0.0476,0.7458,0.638,8.2426,88.0957,0.615,0.868
Contras-MM-60,12345,0.2913,0.193,0.6468,0.6244,17.9444,58.2663,0.6343,0.1819,0.1057,0.6853,0.6134,12.777,70.0104,0.6299,0.1359,0.0753,0.7201,0.6306,10.862,79.365,0.6266,0.1077,0.0582,0.7383,0.6424,9.06,83.6698,0.6228,0.0901,0.048,0.753,0.6506,8.2962,89.429,0.6216,0.888
Contras-MM-70,1,0.2807,0.1859,0.6291,0.6475,22.9267,77.374,0.6447,0.1815,0.1055,0.6818,0.6212,19.1087,102.1057,0.6353,0.1343,0.0744,0.7112,0.634,15.1554,111.532,0.6314,0.1057,0.0571,0.7229,0.6414,12.2037,115.5317,0.6271,0.0882,0.0469,0.7421,0.6525,10.6942,120.5839,0.6238,0.8989
Contras-MM-70,12,0.2827,0.1873,0.6347,0.6269,16.9193,55.8265,0.6358,0.1751,0.1018,0.6621,0.6086,11.3136,64.9584,0.6273,0.1314,0.0728,0.694,0.6244,9.505,72.8374,0.6209,0.1051,0.0568,0.7176,0.6358,8.8848,81.0729,0.6147,0.0875,0.0466,0.7342,0.6435,7.6783,84.1593,0.6137,0.8819
Contras-MM-70,123,0.2807,0.1859,0.6328,0.6262,18.6942,62.9577,0.6465,0.1785,0.1037,0.6772,0.618,13.9081,77.3056,0.6347,0.1335,0.074,0.7153,0.6291,11.4054,85.84,0.6301,0.1077,0.0582,0.7401,0.6399,9.7939,91.6731,0.6252,0.089,0.0474,0.7496,0.6476,8.1373,93.3478,0.6234,0.8957
Contras-MM-70,1234,0.2893,0.1916,0.6358,0.6189,17.4997,57.3433,0.6404,0.1804,0.1048,0.6785,0.6089,12.3563,68.6299,0.6338,0.1325,0.0734,0.7003,0.622,10.3697,76.9594,0.6279,0.1063,0.0575,0.7266,0.6315,9.2139,83.7471,0.6224,0.089,0.0474,0.7429,0.6405,8.0051,87.234,0.6196,0.8737
Contras-MM-70,12345,0.2873,0.1903,0.6383,0.6258,20.3962,68.8639,0.6347,0.1796,0.1044,0.6768,0.6168,13.3502,78.9,0.6316,0.1338,0.0741,0.7106,0.6316,11.3196,88.395,0.6287,0.1069,0.0578,0.728,0.642,9.9809,95.4164,0.6228,0.0892,0.0475,0.7435,0.649,8.8108,99.9247,0.6204,0.8974
Contras-MM-80,1,0.286,0.1895,0.6311,0.6315,24.15,76.7852,0.6436,0.1826,0.1062,0.6884,0.6176,18.4895,97.4664,0.6378,0.1338,0.0741,0.7103,0.6344,14.2263,104.9711,0.6319,0.1061,0.0574,0.7302,0.6435,12.0622,111.498,0.6278,0.088,0.0469,0.7409,0.65,10.1632,114.2822,0.625,0.8928
Contras-MM-80,12,0.2807,0.1859,0.6307,0.6347,19.4574,64.8876,0.65,0.177,0.1029,0.6721,0.6173,13.2738,76.4783,0.6412,0.133,0.0737,0.7129,0.6267,12.0241,89.0023,0.6367,0.1051,0.0568,0.7248,0.6368,10.073,93.9241,0.632,0.0882,0.0469,0.743,0.645,9.0326,99.2608,0.6307,0.8842
Contras-MM-80,123,0.2794,0.1851,0.6233,0.6145,13.318,46.0522,0.6271,0.1804,0.1048,0.6789,0.608,10.1142,57.0721,0.6199,0.1327,0.0736,0.7053,0.62,9.0211,66.0751,0.6167,0.1067,0.0577,0.7338,0.6301,8.4444,74.0031,0.6136,0.0892,0.0475,0.7502,0.6403,7.6772,79.0517,0.607,0.8832
Contras-MM-80,1234,0.2867,0.1899,0.6324,0.6214,16.7732,55.713,0.6388,0.1792,0.1042,0.6733,0.6063,11.7024,66.1532,0.63,0.1325,0.0734,0.7001,0.6213,10.1926,75.5319,0.624,0.1063,0.0575,0.7216,0.6306,9.1399,82.5518,0.6174,0.0893,0.0476,0.7454,0.6374,8.3418,88.1772,0.6158,0.8748
Contras-MM-80,12345,0.2873,0.1903,0.6386,0.6281,20.3475,67.7908,0.6326,0.1792,0.1042,0.6752,0.6181,13.355,77.8041,0.6293,0.1333,0.0738,0.7047,0.6317,11.2339,87.0075,0.6255,0.1077,0.0582,0.7316,0.6443,10.6168,97.3784,0.6209,0.089,0.0474,0.7415,0.6521,9.4691,102.6318,0.6185,0.8988
Contras-MM-90,1,0.2767,0.1833,0.6242,0.6226,20.6277,70.6833,0.6406,0.1792,0.1042,0.6756,0.6069,17.9167,94.8023,0.634,0.1325,0.0734,0.7066,0.6226,14.3366,104.4105,0.6317,0.1055,0.057,0.7245,0.6359,11.5053,107.9802,0.6229,0.0875,0.0466,0.7389,0.6422,9.8186,111.3034,0.6222,0.8799
Contras-MM-90,12,0.2827,0.1873,0.6344,0.6348,19.6034,66.0651,0.6489,0.1777,0.1033,0.6749,0.618,13.9106,79.1245,0.6402,0.1317,0.073,0.7063,0.6263,12.0891,90.3671,0.6367,0.1053,0.0569,0.7267,0.6365,10.1127,95.3163,0.631,0.0877,0.0467,0.7405,0.6452,8.743,98.8815,0.6289,0.8842
Contras-MM-90,123,0.2814,0.1864,0.6298,0.6283,18.1271,60.9562,0.6378,0.1808,0.1051,0.6829,0.614,14.4047,78.2477,0.6323,0.1341,0.0743,0.7155,0.6317,13.7413,94.507,0.6258,0.1071,0.0579,0.7346,0.6416,11.726,101.0991,0.6199,0.09,0.0479,0.758,0.646,10.0683,104.878,0.6164,0.8971
Contras-MM-90,1234,0.2847,0.1886,0.6303,0.6179,15.8359,53.5205,0.6325,0.1785,0.1037,0.6729,0.6095,11.5724,64.9411,0.6245,0.1322,0.0733,0.6995,0.6197,9.4789,71.8844,0.6199,0.1045,0.0565,0.7117,0.6326,8.1179,76.6509,0.6174,0.0873,0.0465,0.7296,0.6378,7.2241,80.6146,0.6158,0.8799
Contras-MM-90,12345,0.2847,0.1886,0.6354,0.6323,19.5646,66.6077,0.6351,0.1792,0.1042,0.6748,0.6179,13.1092,77.1811,0.6321,0.1348,0.0747,0.7111,0.6303,12.0515,90.1446,0.627,0.1073,0.058,0.7288,0.6456,10.5098,97.1248,0.6228,0.0892,0.0475,0.7409,0.6551,8.9332,99.9778,0.6191,0.9028
GSAT,1,0.006,0.004,0.0095,0.0022,0.2055,0.4525,0.0051,0.0095,0.0055,0.028,0.0067,0.1631,0.6564,0.0099,0.0161,0.0089,0.0714,0.0154,0.2678,1.2905,0.0144,0.0134,0.0073,0.0743,0.0158,0.5531,3.2512,0.0143,0.0122,0.0065,0.0882,0.0164,1.0229,8.721,0.0199,0.0237
GSAT,12,0.1141,0.0756,0.2649,0.165,1.8713,8.4176,0.2093,0.0658,0.0382,0.2673,0.1619,1.6255,10.1933,0.1018,0.0463,0.0256,0.2684,0.1833,1.6749,12.2324,0.1017,0.0362,0.0196,0.2725,0.1925,1.4256,15.4302,0.1061,0.0297,0.0158,0.2758,0.1977,1.1603,15.5881,0.1084,0.4423
GSAT,123,0.0962,0.0637,0.2426,0.1405,0.4073,1.3435,0.1624,0.0597,0.0347,0.2605,0.1546,0.2509,1.2135,0.0938,0.0428,0.0237,0.2631,0.1605,0.4859,2.4656,0.094,0.0333,0.018,0.2655,0.1673,1.2514,6.606,0.082,0.0277,0.0148,0.269,0.1738,1.1284,7.7167,0.0779,0.3811
GSAT,1234,0.0445,0.0295,0.0896,0.0956,0.3766,1.3019,0.0824,0.0272,0.0158,0.0986,0.088,0.8264,3.1109,0.0507,0.019,0.0105,0.0986,0.0881,0.5509,3.1054,0.0507,0.0154,0.0084,0.1017,0.0902,0.4564,3.0476,0.0516,0.0135,0.0072,0.1116,0.0913,0.9013,6.9571,0.0497,0.2214
GSAT,12345,0.0126,0.0084,0.029,0.0474,0.0692,0.2507,0.0316,0.0079,0.0046,0.0314,0.0432,0.6361,1.9453,0.0219,0.0056,0.0031,0.0314,0.0432,0.4241,1.7144,0.0218,0.0057,0.0031,0.0375,0.0432,0.3938,2.5978,0.0285,0.0059,0.0032,0.0529,0.045,0.5345,5.5958,0.0415,0.1305
LightGCL,1,0.0544,0.036,0.1328,0.0772,1.255,3.6526,0.1344,0.0374,0.0218,0.1606,0.0803,0.9672,4.8259,0.1389,0.0283,0.0157,0.1714,0.0901,0.9003,5.8267,0.1404,0.0226,0.0122,0.1757,0.0923,1.0397,7.594,0.1409,0.0192,0.0102,0.1828,0.0938,0.8807,7.8662,0.1403,0.1706
LightGCL,12,0.0511,0.0338,0.1204,0.0522,1.0036,3.1411,0.1301,0.0348,0.0202,0.1434,0.0611,0.6362,3.573,0.1321,0.0267,0.0148,0.1573,0.0646,0.843,5.3036,0.131,0.022,0.0119,0.1702,0.0673,0.7186,5.7175,0.1319,0.0192,0.0102,0.1813,0.0689,1.1387,8.7499,0.1316,0.1275
LightGCL,123,0.0537,0.0356,0.1286,0.0965,0.7963,2.7961,0.1351,0.0367,0.0213,0.151,0.0956,0.9475,4.5354,0.1366,0.0278,0.0154,0.1597,0.0974,0.6891,4.7636,0.1371,0.024,0.013,0.1754,0.0992,0.9165,6.6332,0.1362,0.0206,0.011,0.1849,0.1012,0.7942,6.9648,0.1365,0.1993
LightGCL,1234,0.0511,0.0338,0.1265,0.0538,0.7993,3.1191,0.1162,0.0355,0.0207,0.1522,0.0601,1.3366,6.2786,0.1195,0.027,0.0149,0.1636,0.0674,1.7887,9.6598,0.1202,0.0218,0.0118,0.1717,0.068,1.8285,11.8773,0.1208,0.0187,0.0099,0.1774,0.0702,1.7309,13.3583,0.1212,0.1266
LightGCL,12345,0.0577,0.0382,0.1416,0.0874,1.6382,5.9101,0.1404,0.0393,0.0229,0.1644,0.0874,2.7815,12.0777,0.1436,0.0286,0.0158,0.1703,0.0883,1.8728,12.1517,0.1444,0.0236,0.0127,0.1838,0.0909,2.0369,15.1883,0.1448,0.0203,0.0108,0.1934,0.0927,1.6606,15.356,0.1452,0.1767
Random-MM-10,1,0.2833,0.1877,0.6333,0.633,20.5789,67.9563,0.6384,0.1792,0.1042,0.6823,0.6168,15.1797,83.7957,0.6368,0.1335,0.074,0.7146,0.6286,12.5882,93.6277,0.6298,0.1073,0.058,0.7385,0.6398,11.5966,103.8334,0.6256,0.089,0.0474,0.7508,0.6489,9.9605,107.5993,0.6236,0.895
Random-MM-10,12,0.2794,0.1851,0.6257,0.6292,16.9146,56.8149,0.635,0.1777,0.1033,0.6727,0.6183,12.1086,68.8428,0.6279,0.1309,0.0725,0.7013,0.6282,10.104,76.9986,0.6233,0.1053,0.0569,0.7248,0.6403,9.2107,84.6688,0.617,0.0877,0.0467,0.7365,0.6483,8.5472,91.0782,0.6158,0.8983
Random-MM-10,123,0.28,0.1855,0.6295,0.6321,16.6779,54.7499,0.6408,0.1792,0.1042,0.6747,0.6189,12.3171,67.6772,0.6362,0.1335,0.074,0.7062,0.6333,10.4477,76.5044,0.629,0.1053,0.0569,0.7217,0.6409,8.4953,79.5717,0.6267,0.0885,0.0471,0.7434,0.6488,7.8673,85.4249,0.6229,0.9055
Random-MM-10,1234,0.2827,0.1873,0.6307,0.6189,17.396,57.3949,0.6362,0.1815,0.1055,0.6821,0.6065,13.1166,70.9309,0.6258,0.1335,0.074,0.7064,0.6209,10.73,78.6066,0.6211,0.1075,0.0581,0.7278,0.631,9.5689,85.8184,0.6142,0.0893,0.0476,0.738,0.6386,8.8667,92.4845,0.6122,0.8791
Random-MM-10,12345,0.28,0.1855,0.6287,0.6294,15.2899,53.6098,0.6374,0.1796,0.1044,0.6807,0.6189,12.1318,67.9243,0.6313,0.1341,0.0743,0.7099,0.6321,9.7737,74.5371,0.6259,0.1073,0.058,0.734,0.6437,8.7365,81.1404,0.6211,0.09,0.0479,0.7507,0.6521,7.7668,85.4085,0.6162,0.9107
Random-MM-20,1,0.2847,0.1886,0.6395,0.6313,21.0147,67.6733,0.6361,0.1823,0.1059,0.6939,0.6148,15.9561,85.2008,0.6303,0.1341,0.0743,0.7152,0.6278,12.8018,93.6909,0.6246,0.1079,0.0584,0.7362,0.6419,11.7792,103.9369,0.621,0.0898,0.0478,0.7532,0.6493,10.0517,107.362,0.62,0.8926
Random-MM-20,12,0.2787,0.1846,0.6255,0.6321,16.7045,56.2189,0.6354,0.1773,0.1031,0.6721,0.6199,11.7505,67.535,0.6285,0.1309,0.0725,0.7007,0.6296,9.8302,75.6781,0.6238,0.1049,0.0567,0.7191,0.6413,9.0589,83.6661,0.6174,0.0872,0.0464,0.7344,0.6506,8.2177,88.9333,0.617,0.8981
Random-MM-20,123,0.278,0.1842,0.6272,0.6282,15.6736,53.5444,0.6401,0.1819,0.1057,0.6844,0.6172,12.6894,69.1298,0.6316,0.1335,0.074,0.7077,0.6301,10.3082,76.4988,0.6259,0.1061,0.0574,0.7263,0.6356,8.6332,80.687,0.6215,0.0888,0.0473,0.7445,0.6484,7.6525,84.7814,0.6192,0.9008
Random-MM-20,1234,0.282,0.1868,0.6254,0.6196,17.4732,58.5882,0.6387,0.1819,0.1057,0.6815,0.6075,12.91,71.6601,0.628,0.1343,0.0744,0.7062,0.6218,11.1786,81.7894,0.623,0.1075,0.0581,0.7247,0.6316,9.7437,88.183,0.6167,0.09,0.0479,0.7463,0.6388,9.2602,96.1598,0.6151,0.8758
Random-MM-20,12345,0.2867,0.1899,0.6321,0.6216,17.3817,58.5038,0.6342,0.1808,0.1051,0.6773,0.6199,11.7909,68.5618,0.63,0.1341,0.0743,0.7083,0.6359,10.5267,79.1988,0.6249,0.1059,0.0573,0.7218,0.6434,8.8269,83.5565,0.6224,0.0896,0.0477,0.746,0.6537,8.2361,90.025,0.6195,0.896
Random-MM-30,1,0.2867,0.1899,0.6379,0.634,21.0881,67.6752,0.6392,0.1823,0.1059,0.6911,0.6184,15.9069,84.9327,0.6372,0.1354,0.075,0.7198,0.6339,13.1098,94.9823,0.6302,0.1077,0.0582,0.7354,0.6459,11.3606,102.1395,0.6261,0.0903,0.0481,0.7589,0.6519,10.1219,107.8447,0.6242,0.9004
Random-MM-30,12,0.2814,0.1864,0.6323,0.6391,18.3021,61.3821,0.6455,0.1766,0.1026,0.6769,0.6221,12.8599,73.1327,0.6378,0.1341,0.0743,0.7117,0.6344,11.5583,84.9408,0.6266,0.1053,0.0569,0.7244,0.6436,9.4869,88.7757,0.6264,0.087,0.0463,0.7354,0.6526,7.9327,90.6668,0.6244,0.908
Random-MM-30,123,0.2767,0.1833,0.6207,0.6239,13.8366,48.3951,0.639,0.1823,0.1059,0.6847,0.6125,11.6758,63.8577,0.6297,0.1341,0.0743,0.7093,0.6265,10.0328,72.7884,0.6255,0.1088,0.0588,0.7432,0.6362,9.4724,81.9655,0.6229,0.0903,0.0481,0.7545,0.6441,8.1474,85.0635,0.6176,0.9037
Random-MM-30,1234,0.284,0.1881,0.6331,0.6271,17.4547,57.7236,0.6397,0.18,0.1046,0.676,0.6125,12.8648,70.8438,0.632,0.1304,0.0722,0.6934,0.6264,9.923,76.1364,0.6276,0.1063,0.0575,0.7207,0.6356,10.0082,88.2368,0.6212,0.0892,0.0475,0.74,0.6426,8.9083,93.1924,0.6179,0.8888
Random-MM-30,12345,0.2833,0.1877,0.6327,0.6313,15.9894,56.4105,0.6405,0.1811,0.1053,0.6789,0.6156,12.5357,70.534,0.6319,0.1338,0.0741,0.7112,0.6355,9.6671,75.7147,0.6295,0.1077,0.0582,0.7384,0.6416,8.738,82.6752,0.6244,0.0901,0.048,0.7514,0.6507,7.9351,87.864,0.6206,0.8957
Random-MM-40,1,0.2833,0.1877,0.6348,0.6293,21.1339,68.3121,0.6383,0.1804,0.1048,0.6871,0.6128,15.5985,84.6861,0.6334,0.1343,0.0744,0.7151,0.6288,12.9369,94.7929,0.6258,0.1077,0.0582,0.7339,0.6411,11.7636,104.522,0.6216,0.0896,0.0477,0.7502,0.649,9.9624,107.5628,0.6187,0.8963
Random-MM-40,12,0.2774,0.1837,0.6259,0.6381,16.6857,56.6469,0.6352,0.1762,0.1024,0.6692,0.6208,12.0234,68.6326,0.6275,0.1298,0.0719,0.6988,0.6306,9.8901,76.2394,0.6231,0.1047,0.0566,0.7215,0.6436,8.8562,83.1117,0.62,0.0873,0.0465,0.7374,0.6519,7.888,87.5101,0.6171,0.904
Random-MM-40,123,0.282,0.1868,0.6337,0.6154,15.0391,49.9903,0.6373,0.1804,0.1048,0.6823,0.6106,11.1555,61.608,0.6277,0.1348,0.0747,0.7158,0.6201,10.2124,72.6266,0.623,0.1065,0.0576,0.7294,0.6316,8.682,77.4767,0.6178,0.089,0.0474,0.7503,0.6397,7.801,82.1514,0.6133,0.886
Random-MM-40,1234,0.2774,0.1837,0.6251,0.6311,19.1448,66.1963,0.6373,0.1792,0.1042,0.6731,0.6129,16.1839,87.1252,0.6297,0.1311,0.0727,0.7012,0.622,13.12,96.434,0.6264,0.1053,0.0569,0.7233,0.6346,11.0181,102.0778,0.6203,0.0882,0.0469,0.7408,0.6422,9.619,106.4964,0.6155,0.8917
Random-MM-40,12345,0.2814,0.1864,0.6285,0.6335,15.6177,55.5305,0.6374,0.1804,0.1048,0.6774,0.6141,12.5502,70.4479,0.6322,0.1335,0.074,0.7079,0.6306,9.7654,76.029,0.6271,0.1075,0.0581,0.7345,0.6395,8.9751,83.834,0.6231,0.0896,0.0477,0.7491,0.6502,7.8057,87.2365,0.62,0.899
Random-MM-50,1,0.2814,0.1864,0.6272,0.6455,20.9573,67.8804,0.6407,0.1815,0.1055,0.6845,0.6208,17.3041,89.851,0.6397,0.1341,0.0743,0.7098,0.6393,13.2891,96.8159,0.6292,0.1057,0.0571,0.727,0.6468,10.9858,101.6761,0.6268,0.0883,0.047,0.7421,0.658,9.5364,105.7702,0.624,0.9059
Random-MM-50,12,0.2794,0.1851,0.6282,0.6392,16.9449,57.3001,0.64,0.1751,0.1018,0.667,0.6209,11.9237,68.3961,0.6333,0.1304,0.0722,0.6992,0.6327,9.8518,76.0846,0.6288,0.1047,0.0566,0.7197,0.6468,8.6152,81.9544,0.6224,0.0877,0.0467,0.7392,0.6536,7.8908,87.4537,0.6202,0.9092
Random-MM-50,123,0.2827,0.1873,0.6343,0.6255,18.902,63.5119,0.6373,0.1789,0.104,0.678,0.6166,15.1279,81.8812,0.6338,0.1325,0.0734,0.7067,0.6268,11.3157,86.7142,0.6286,0.1059,0.0573,0.7283,0.6408,10.0781,94.2075,0.6225,0.0885,0.0471,0.746,0.6449,9.1098,99.9184,0.6203,0.8962
Random-MM-50,1234,0.284,0.1881,0.6318,0.6197,17.5086,57.1601,0.6356,0.1789,0.104,0.6741,0.6067,12.7678,69.729,0.6283,0.1343,0.0744,0.7067,0.6223,10.9947,79.5468,0.6193,0.1069,0.0578,0.7248,0.6304,9.36,84.7898,0.6143,0.0893,0.0476,0.7439,0.6385,8.6615,91.2456,0.6118,0.8741
Random-MM-50,12345,0.2847,0.1886,0.6332,0.6284,18.993,65.0506,0.6381,0.1842,0.107,0.6874,0.6137,14.0795,79.5872,0.6343,0.1346,0.0746,0.7106,0.6349,10.6982,84.8488,0.6317,0.1071,0.0579,0.7317,0.6465,9.2449,90.5634,0.6289,0.0901,0.048,0.7521,0.6521,8.8076,98.297,0.6263,0.8977
Random-MM-60,1,0.286,0.1895,0.6367,0.6334,20.0901,64.8076,0.6367,0.1792,0.1042,0.6806,0.6201,14.4344,79.1482,0.6355,0.1348,0.0747,0.7185,0.631,12.5966,90.9748,0.6279,0.1083,0.0586,0.7408,0.6444,11.2333,99.3676,0.6238,0.0903,0.0481,0.7557,0.6515,10.1826,105.8462,0.6219,0.9023
Random-MM-60,12,0.2807,0.1859,0.6318,0.6341,17.9866,59.2816,0.6399,0.1789,0.104,0.6841,0.6179,13.4763,73.3023,0.6326,0.1343,0.0744,0.7114,0.6352,11.0759,81.5974,0.6253,0.1059,0.0573,0.7257,0.6472,9.6599,88.0336,0.6237,0.0875,0.0466,0.7371,0.6534,8.2873,91.0801,0.6217,0.9053
Random-MM-60,123,0.2767,0.1833,0.6255,0.6268,15.423,52.4426,0.6383,0.1808,0.1051,0.6801,0.6141,11.8067,65.8202,0.6281,0.1343,0.0744,0.7117,0.6275,10.4637,76.0333,0.6211,0.1055,0.057,0.7218,0.6379,8.1754,77.5787,0.6179,0.0895,0.0476,0.7453,0.6462,7.5997,83.3832,0.6142,0.9009
Random-MM-60,1234,0.284,0.1881,0.6344,0.6174,17.567,57.3817,0.6364,0.1789,0.104,0.6713,0.6077,12.3881,68.7853,0.6282,0.1343,0.0744,0.7047,0.6205,11.2124,80.6408,0.6211,0.1069,0.0578,0.7257,0.632,9.4552,85.568,0.6155,0.0892,0.0475,0.745,0.6398,8.4426,90.3961,0.6131,0.8774
Random-MM-60,12345,0.2827,0.1873,0.6287,0.6389,18.4386,64.1813,0.6398,0.1823,0.1059,0.6817,0.6144,13.6048,78.1742,0.6374,0.133,0.0737,0.7036,0.6371,10.438,83.6479,0.6348,0.1057,0.0571,0.7231,0.649,9.047,89.4135,0.6316,0.0892,0.0475,0.7432,0.6552,8.3947,95.7439,0.6241,0.8989
Random-MM-70,1,0.282,0.1868,0.6294,0.6409,16.5894,58.6746,0.64,0.1796,0.1044,0.6775,0.6165,12.328,71.5595,0.6374,0.1338,0.0741,0.705,0.6291,10.3593,80.0691,0.6312,0.1063,0.0575,0.7266,0.6388,8.982,85.7327,0.6278,0.0873,0.0465,0.7326,0.6476,7.5317,87.6111,0.6263,0.8889
Random-MM-70,12,0.2787,0.1846,0.6294,0.6354,17.2063,57.5635,0.6437,0.1789,0.104,0.6804,0.6198,13.1268,71.7151,0.6323,0.1346,0.0746,0.7146,0.6342,11.5498,82.7137,0.6264,0.1055,0.057,0.7271,0.6461,9.2636,85.531,0.6258,0.0875,0.0466,0.7369,0.6521,8.4079,90.9668,0.6225,0.9047
Random-MM-70,123,0.278,0.1842,0.6278,0.622,15.3516,52.4296,0.6405,0.1811,0.1053,0.6808,0.6142,12.266,67.0121,0.6282,0.1343,0.0744,0.7086,0.6225,10.3296,75.4491,0.6215,0.1057,0.0571,0.7216,0.633,8.3406,78.2551,0.6178,0.0901,0.048,0.752,0.6433,8.2644,86.9052,0.616,0.8925
Random-MM-70,1234,0.2833,0.1877,0.6292,0.6212,17.0869,56.8888,0.6336,0.1792,0.1042,0.6747,0.6098,12.6946,69.9529,0.6282,0.1327,0.0736,0.7029,0.6219,10.2726,77.1307,0.6206,0.1053,0.0569,0.7181,0.6309,8.6839,81.7498,0.6171,0.0885,0.0471,0.7367,0.6387,8.1156,88.1527,0.6128,0.8836
Random-MM-70,12345,0.2833,0.1877,0.6314,0.6332,18.6302,64.218,0.639,0.1826,0.1062,0.6816,0.6165,13.7903,78.5936,0.6358,0.133,0.0737,0.7052,0.6363,10.5039,83.8134,0.6335,0.1059,0.0573,0.727,0.6477,9.0968,89.5633,0.6308,0.0895,0.0476,0.7496,0.6537,8.4319,95.8409,0.6267,0.9015
Random-MM-80,1,0.282,0.1868,0.6314,0.6357,15.9751,56.1234,0.6419,0.1811,0.1053,0.6809,0.6177,13.0723,72.7593,0.6368,0.1327,0.0736,0.7013,0.6308,10.1615,78.451,0.6324,0.1067,0.0577,0.7269,0.6437,9.7045,88.1226,0.628,0.0896,0.0477,0.7466,0.6487,8.8563,94.088,0.6238,0.8891
Random-MM-80,12,0.2847,0.1886,0.6357,0.6243,17.0923,54.5352,0.6352,0.1781,0.1035,0.6753,0.6184,11.561,63.9186,0.623,0.1325,0.0734,0.7079,0.6331,9.8763,72.6312,0.6194,0.1055,0.057,0.7244,0.6442,8.8473,79.3632,0.6164,0.0883,0.047,0.7405,0.6509,7.8182,83.4096,0.6126,0.8939
Random-MM-80,123,0.2767,0.1833,0.6293,0.6235,15.2467,52.1806,0.6387,0.1808,0.1051,0.6804,0.6131,11.8758,65.8968,0.6262,0.1341,0.0743,0.7087,0.6239,10.1639,74.7734,0.6195,0.1053,0.0569,0.7231,0.6334,8.1941,77.4747,0.6182,0.0896,0.0477,0.7488,0.6437,7.9098,84.8175,0.6149,0.8927
Random-MM-80,1234,0.2833,0.1877,0.6289,0.6215,17.0901,57.2463,0.6345,0.1792,0.1042,0.6772,0.6116,12.5759,69.981,0.6295,0.1325,0.0734,0.7011,0.6248,10.3254,77.6951,0.62,0.1053,0.0569,0.7183,0.6327,8.8988,83.1456,0.6174,0.0888,0.0473,0.7396,0.6415,8.2328,89.2233,0.6119,0.8836
Random-MM-80,12345,0.2847,0.1886,0.6308,0.6374,18.7193,64.109,0.6361,0.1815,0.1055,0.6831,0.6118,13.3551,77.0262,0.6335,0.1327,0.0736,0.7052,0.6352,10.5165,83.4513,0.6323,0.1063,0.0575,0.7268,0.6474,8.9993,88.7011,0.6271,0.0898,0.0478,0.749,0.6542,8.5636,96.1252,0.6199,0.8977
Random-MM-90,1,0.284,0.1881,0.6376,0.6246,25.6844,82.0864,0.6461,0.1808,0.1051,0.6842,0.6158,20.2157,105.8011,0.6359,0.1317,0.073,0.7024,0.6267,14.8982,111.4641,0.6331,0.1039,0.0562,0.7162,0.6352,11.7373,114.1273,0.6304,0.0865,0.0461,0.7291,0.6387,10.0793,117.9117,0.6245,0.8868
Random-MM-90,12,0.2814,0.1864,0.6317,0.6315,16.8628,55.3387,0.6335,0.1789,0.104,0.6734,0.6165,11.2357,64.3175,0.6253,0.1325,0.0734,0.7066,0.6351,9.59,72.5534,0.6221,0.1055,0.057,0.7225,0.6431,8.5836,79.1627,0.6203,0.0893,0.0476,0.7433,0.6513,7.9391,84.9972,0.6145,0.9108
Random-MM-90,123,0.2867,0.1899,0.6459,0.6236,23.2473,75.4894,0.639,0.1842,0.107,0.6907,0.6125,17.9467,96.3724,0.6311,0.1333,0.0738,0.711,0.6314,13.2005,101.2956,0.6279,0.1065,0.0576,0.7354,0.6417,11.6379,109.513,0.6227,0.089,0.0474,0.7493,0.6492,9.8487,112.4412,0.6171,0.8889
Random-MM-90,1234,0.2853,0.189,0.632,0.6234,17.3014,56.8698,0.6375,0.1789,0.104,0.6751,0.6101,12.484,68.7776,0.6314,0.133,0.0737,0.7011,0.6213,10.3341,76.7674,0.6226,0.1061,0.0574,0.7176,0.6296,8.9569,82.4209,0.6173,0.0893,0.0476,0.7448,0.6384,8.2489,88.369,0.614,0.8784
Random-MM-90,12345,0.282,0.1868,0.6301,0.6304,15.4858,53.3779,0.6377,0.1777,0.1033,0.6681,0.6136,11.1095,64.1108,0.6315,0.133,0.0737,0.7028,0.6287,9.1123,70.7994,0.6263,0.1083,0.0586,0.7363,0.6403,8.6345,79.3228,0.6208,0.09,0.0479,0.7494,0.65,7.5928,83.0678,0.6188,0.9108
MISR,12345,0.1944,0.1288,0.4371,0.2023,1.7243,5.0274,0.4141,0.1403,0.0815,0.5098,0.2414,1.7316,7.8318,0.4102,0.1105,0.0612,0.5855,0.2514,1.8706,10.6573,0.4096,0.0888,0.048,0.6039,0.2628,1.7976,12.5169,0.4055,0.0753,0.0401,0.6392,0.2778,1.7336,14.1284,0.4063,0.3033
Contras-MM-10-Minimal-20,1,0.284,0.1881,0.6296,0.6377,19.0111,65.0959,0.6424,0.1823,0.1059,0.679,0.622,17.0639,89.5243,0.6372,0.1351,0.0749,0.7125,0.6368,13.7744,99.0583,0.6332,0.1065,0.0576,0.7255,0.6449,11.0043,102.2333,0.6301,0.0893,0.0476,0.7467,0.6532,9.6157,106.6729,0.6242,0.8953
Contras-MM-10-Minimal-20,12,0.2787,0.1846,0.627,0.6308,17.3886,56.9144,0.6349,0.1766,0.1026,0.6706,0.6193,11.7951,66.9912,0.6247,0.1322,0.0733,0.7094,0.6309,11.249,80.3777,0.6214,0.1051,0.0568,0.7225,0.6421,9.5227,85.5395,0.6171,0.0875,0.0466,0.7379,0.6472,8.3428,89.5257,0.6138,0.9034
Contras-MM-10-Minimal-20,123,0.2807,0.1859,0.6256,0.614,13.6444,47.2392,0.6264,0.1811,0.1053,0.6816,0.6082,11.2617,61.3994,0.6232,0.1346,0.0746,0.7125,0.623,10.0619,71.4166,0.6179,0.1063,0.0575,0.7294,0.6337,8.3591,75.2786,0.6126,0.09,0.0479,0.7535,0.6446,7.7675,81.1793,0.6061,0.891
Contras-MM-10-Minimal-20,1234,0.2833,0.1877,0.632,0.6159,15.8925,53.4466,0.6349,0.1777,0.1033,0.6696,0.6105,11.381,64.4075,0.6243,0.1317,0.073,0.7003,0.6223,9.4079,71.6807,0.6223,0.1055,0.057,0.7215,0.634,8.6968,79.3928,0.6178,0.0885,0.0471,0.7399,0.6409,7.7153,83.5046,0.6134,0.8851
Contras-MM-10-Minimal-20,12345,0.2853,0.189,0.6359,0.6274,20.5027,68.3068,0.637,0.1819,0.1057,0.6842,0.6193,14.357,81.1807,0.6305,0.1348,0.0747,0.7127,0.6379,11.8974,90.393,0.6274,0.1071,0.0579,0.7279,0.6516,10.7712,99.1801,0.6232,0.0883,0.047,0.7389,0.6575,9.3048,102.945,0.6205,0.905
Contras-MM-20-Minimal-20,1,0.288,0.1908,0.6326,0.6332,19.7155,67.1185,0.6374,0.1796,0.1044,0.6705,0.6263,14.1208,81.1212,0.635,0.1327,0.0736,0.7064,0.638,11.6329,89.9854,0.632,0.1057,0.0571,0.7229,0.6413,10.3068,97.4436,0.6273,0.088,0.0469,0.7416,0.65,9.0829,101.9925,0.6236,0.8986
Contras-MM-20-Minimal-20,12,0.284,0.1881,0.6326,0.637,17.0837,57.3408,0.6395,0.1755,0.102,0.6641,0.6164,11.5419,67.125,0.6351,0.1314,0.0728,0.6976,0.6265,9.9692,76.0804,0.6274,0.1057,0.0571,0.7213,0.6383,9.1841,84.1077,0.6248,0.0883,0.047,0.7396,0.6463,8.7885,92.0095,0.6233,0.882
Contras-MM-20-Minimal-20,123,0.2814,0.1864,0.6331,0.626,18.6818,61.6639,0.6429,0.1804,0.1048,0.6847,0.6168,14.2213,77.0472,0.6358,0.1327,0.0736,0.711,0.6292,11.0464,83.2123,0.6295,0.1061,0.0574,0.7304,0.6416,9.0752,87.0132,0.6263,0.0883,0.047,0.7439,0.6514,8.4578,93.5456,0.6224,0.9061
Contras-MM-20-Minimal-20,1234,0.2827,0.1873,0.6294,0.615,15.7014,52.6224,0.6305,0.1781,0.1035,0.6715,0.6054,11.3997,63.8939,0.6202,0.1311,0.0727,0.6968,0.6194,9.0994,69.8948,0.6181,0.1055,0.057,0.724,0.6301,8.3513,77.1625,0.6154,0.0882,0.0469,0.7375,0.6364,7.5409,81.8788,0.611,0.8775
Contras-MM-20-Minimal-20,12345,0.284,0.1881,0.6264,0.6187,16.4882,53.9324,0.6249,0.1811,0.1053,0.6725,0.6069,12.2382,67.1034,0.6181,0.1351,0.0749,0.7067,0.6242,10.578,76.7261,0.613,0.1065,0.0576,0.7238,0.6391,8.7383,80.5244,0.6127,0.089,0.0474,0.7442,0.6475,7.9276,85.6403,0.6112,0.8884
Contras-MM-30-Minimal-20,1,0.2887,0.1912,0.6346,0.6397,19.932,66.9506,0.6427,0.1815,0.1055,0.6778,0.6254,16.0834,86.7357,0.6396,0.1346,0.0746,0.7117,0.6382,13.3995,97.2663,0.6353,0.1077,0.0582,0.7328,0.6488,11.5577,104.3456,0.6304,0.0896,0.0477,0.7483,0.6567,10.1019,108.9974,0.6276,0.9009
Contras-MM-30-Minimal-20,12,0.286,0.1895,0.6375,0.6413,18.76,63.1417,0.6511,0.1796,0.1044,0.6815,0.6236,14.5123,79.5138,0.6452,0.1327,0.0736,0.7062,0.6369,12.2853,89.8428,0.6409,0.1049,0.0567,0.7218,0.6439,10.2464,94.7267,0.6402,0.0883,0.047,0.7415,0.6531,9.6962,102.9366,0.6331,0.8841
Contras-MM-30-Minimal-20,123,0.2794,0.1851,0.6231,0.6117,13.9253,47.659,0.6279,0.1815,0.1055,0.6816,0.6089,11.0654,60.593,0.6217,0.1335,0.074,0.7076,0.6175,9.5995,69.3825,0.6168,0.1059,0.0573,0.7277,0.6296,8.1274,73.826,0.6125,0.0888,0.0473,0.7492,0.6422,7.2731,78.0512,0.6079,0.8883
Contras-MM-30-Minimal-20,1234,0.282,0.1868,0.6288,0.6333,18.1288,60.3205,0.6413,0.1781,0.1035,0.6718,0.6185,13.2092,73.9599,0.6319,0.1325,0.0734,0.7066,0.6295,11.4528,84.3283,0.6261,0.1063,0.0575,0.729,0.6398,10.2337,92.0846,0.6235,0.0878,0.0468,0.7396,0.6492,8.8134,95.4952,0.621,0.8905
Contras-MM-30-Minimal-20,12345,0.2867,0.1899,0.6403,0.6298,20.9041,69.9865,0.6367,0.1796,0.1044,0.6779,0.622,13.9282,80.8123,0.6327,0.133,0.0737,0.7062,0.6356,11.0129,87.5237,0.6261,0.1061,0.0574,0.725,0.6483,9.5782,93.8233,0.6229,0.0888,0.0473,0.7388,0.6535,9.1915,102.1442,0.6205,0.9003
Contras-MM-40-Minimal-20,1,0.288,0.1908,0.6353,0.6344,18.997,65.4048,0.6442,0.1808,0.1051,0.6727,0.6244,15.5055,85.2852,0.6399,0.1346,0.0746,0.7083,0.6373,13.1507,96.4207,0.635,0.1067,0.0577,0.7257,0.6464,11.199,102.7427,0.6313,0.0893,0.0476,0.7432,0.6553,9.6264,106.3663,0.6269,0.8964
Contras-MM-40-Minimal-20,12,0.2814,0.1864,0.6333,0.6379,19.2853,64.065,0.6449,0.1766,0.1026,0.6773,0.6166,14.0931,78.3263,0.6372,0.1327,0.0736,0.7083,0.6296,12.1864,89.4484,0.6299,0.1061,0.0574,0.727,0.6366,10.7585,97.0485,0.6256,0.0877,0.0467,0.739,0.6455,8.9964,99.1791,0.6254,0.8885
Contras-MM-40-Minimal-20,123,0.2774,0.1837,0.6198,0.6131,13.1215,44.3804,0.6287,0.1815,0.1055,0.6826,0.6098,10.8145,58.112,0.6209,0.133,0.0737,0.7028,0.6172,9.2998,66.5213,0.6178,0.1073,0.058,0.7372,0.6328,8.4012,73.3159,0.6115,0.089,0.0474,0.7484,0.6421,7.251,76.228,0.6092,0.8889
Contras-MM-40-Minimal-20,1234,0.282,0.1868,0.6279,0.6134,15.4367,51.7544,0.632,0.1785,0.1037,0.6721,0.6055,11.2531,63.1589,0.6234,0.1322,0.0733,0.7002,0.6195,9.6844,71.7988,0.6208,0.1045,0.0565,0.7134,0.6319,7.9951,75.2845,0.6173,0.0877,0.0467,0.7329,0.6371,7.1469,79.3603,0.6127,0.8775
Contras-MM-40-Minimal-20,12345,0.2887,0.1912,0.639,0.629,20.9266,69.3702,0.6359,0.1792,0.1042,0.678,0.6185,13.5278,78.9754,0.6333,0.1338,0.0741,0.7095,0.6326,10.8726,86.3443,0.627,0.1059,0.0573,0.7215,0.6456,9.2108,91.3355,0.6239,0.0887,0.0472,0.7404,0.6533,8.7033,98.591,0.6202,0.8963
Contras-MM-50-Minimal-20,1,0.2847,0.1886,0.6321,0.6342,20.4444,68.9676,0.6387,0.1808,0.1051,0.6768,0.6184,16.6874,90.4121,0.6359,0.1343,0.0744,0.7082,0.6293,14.5296,103.9315,0.6291,0.1063,0.0575,0.7238,0.6418,11.4395,106.528,0.6265,0.0875,0.0466,0.7305,0.6528,9.8381,110.2609,0.6252,0.8942
Contras-MM-50-Minimal-20,12,0.2807,0.1859,0.6272,0.6409,18.4413,61.6684,0.6439,0.1796,0.1044,0.6859,0.6187,14.7725,79.336,0.636,0.1327,0.0736,0.708,0.6324,12.2127,88.6375,0.6306,0.1057,0.0571,0.7245,0.6428,9.9683,92.3966,0.625,0.088,0.0469,0.7384,0.649,9.0373,98.1659,0.6222,0.8917
Contras-MM-50-Minimal-20,123,0.2774,0.1837,0.6206,0.6074,13.7064,46.9525,0.6288,0.1815,0.1055,0.6833,0.6059,11.5012,61.6258,0.6222,0.1338,0.0741,0.7051,0.6187,9.494,68.9382,0.6174,0.1069,0.0578,0.7312,0.6285,8.3903,74.95,0.6112,0.0888,0.0473,0.7445,0.6413,7.1489,77.3621,0.6088,0.8872
Contras-MM-50-Minimal-20,1234,0.282,0.1868,0.6275,0.6198,15.3503,51.9348,0.6326,0.1796,0.1044,0.6756,0.6083,11.5117,64.2497,0.622,0.1317,0.073,0.6982,0.6198,9.5481,71.6541,0.6185,0.1055,0.057,0.7226,0.63,8.2185,76.6737,0.6177,0.0878,0.0468,0.7345,0.6412,7.3721,80.9608,0.6132,0.8775
Contras-MM-50-Minimal-20,12345,0.2873,0.1903,0.6367,0.6341,20.7043,68.9375,0.6395,0.1789,0.104,0.6735,0.6222,13.4787,78.7203,0.6349,0.1335,0.074,0.7086,0.6327,10.8342,86.0789,0.63,0.1057,0.0571,0.7221,0.648,9.3035,91.6322,0.6259,0.089,0.0474,0.7395,0.6543,8.8557,99.2677,0.6212,0.9003
Contras-MM-70-Minimal-20,1,0.2814,0.1864,0.6288,0.638,25.661,82.7413,0.6427,0.1811,0.1053,0.6848,0.6191,19.3261,103.7346,0.6394,0.1311,0.0727,0.7034,0.6349,14.6488,110.6137,0.6358,0.1043,0.0564,0.7241,0.6414,11.945,115.1338,0.6319,0.0868,0.0462,0.7362,0.6482,10.172,118.5247,0.6281,0.8905
Contras-MM-70-Minimal-20,12,0.2807,0.1859,0.6289,0.6303,16.4302,55.2564,0.6384,0.1762,0.1024,0.6715,0.6156,11.4427,65.7338,0.6311,0.1322,0.0733,0.7015,0.6314,9.984,75.0346,0.6244,0.1049,0.0567,0.7164,0.6436,8.3265,79.0207,0.6202,0.0878,0.0468,0.739,0.649,8.0313,86.4381,0.619,0.8957
Contras-MM-70-Minimal-20,123,0.2833,0.1877,0.6445,0.6368,22.2259,73.8629,0.6555,0.18,0.1046,0.686,0.6213,18.097,96.0738,0.6488,0.1338,0.0741,0.7159,0.6384,14.5857,106.1961,0.6384,0.1065,0.0576,0.7336,0.6473,12.1803,112.1156,0.6354,0.0887,0.0472,0.7499,0.6555,10.5985,116.7732,0.6318,0.9074
Contras-MM-70-Minimal-20,1234,0.2847,0.1886,0.6298,0.6259,18.8923,62.0198,0.635,0.1785,0.1037,0.6736,0.6091,13.6512,75.2924,0.63,0.1317,0.073,0.7016,0.6254,11.0362,82.9685,0.6233,0.1057,0.0571,0.7259,0.6352,9.5652,89.1416,0.6188,0.0877,0.0467,0.7367,0.6419,8.0815,91.5211,0.6153,0.8925
Contras-MM-70-Minimal-20,12345,0.2853,0.189,0.6346,0.6215,19.703,66.9105,0.6354,0.1792,0.1042,0.6787,0.6157,13.6112,78.8376,0.6297,0.1341,0.0743,0.7124,0.6324,11.5803,88.693,0.6277,0.1081,0.0585,0.7353,0.6414,10.2288,96.011,0.6189,0.0892,0.0475,0.7423,0.6495,8.9095,99.9791,0.6169,0.8895
Contras-MM-80-Minimal-20,1,0.2787,0.1846,0.6237,0.6438,21.2768,71.0738,0.6451,0.1796,0.1044,0.6779,0.6248,16.0113,88.2661,0.6417,0.1327,0.0736,0.7049,0.6349,13.022,97.5683,0.6392,0.1061,0.0574,0.7293,0.6472,11.0728,103.6182,0.6319,0.0883,0.047,0.7414,0.6542,9.677,108.1048,0.6289,0.8914
Contras-MM-80-Minimal-20,12,0.2807,0.1859,0.6313,0.6303,18.2338,59.6478,0.6439,0.1811,0.1053,0.6878,0.616,14.008,75.1984,0.6345,0.1341,0.0743,0.7136,0.6305,12.2631,86.749,0.628,0.1055,0.057,0.7255,0.6416,9.9887,90.4412,0.6252,0.0875,0.0466,0.7376,0.6503,8.6107,93.796,0.6241,0.8897
Contras-MM-80-Minimal-20,123,0.282,0.1868,0.6323,0.6319,18.8165,63.223,0.6451,0.1792,0.1042,0.6824,0.6178,14.3393,78.9538,0.6399,0.1346,0.0746,0.717,0.6309,11.5229,86.6895,0.6309,0.1077,0.0582,0.738,0.6434,9.6484,91.4621,0.6228,0.0893,0.0476,0.7479,0.6516,8.3597,94.9541,0.6207,0.906
Contras-MM-80-Minimal-20,1234,0.284,0.1881,0.6293,0.6265,18.8311,61.4548,0.6299,0.1796,0.1044,0.677,0.6092,13.8221,75.3862,0.6258,0.1322,0.0733,0.7047,0.6232,11.2628,83.546,0.6219,0.1055,0.057,0.7229,0.6344,9.6306,89.1646,0.6163,0.0878,0.0468,0.7404,0.6423,8.408,93.0389,0.6136,0.8913
Contras-MM-80-Minimal-20,12345,0.288,0.1908,0.6395,0.634,20.2116,67.7447,0.6392,0.1796,0.1044,0.6767,0.6228,13.5845,78.8016,0.6335,0.1341,0.0743,0.7063,0.6367,11.2264,87.369,0.6296,0.1065,0.0576,0.7272,0.6468,9.7978,93.8348,0.6257,0.0885,0.0471,0.7372,0.6561,8.5911,97.9273,0.6202,0.907
Contras-MM-90-Minimal-20,1,0.2814,0.1864,0.6299,0.6396,21.5312,69.5754,0.6444,0.1785,0.1037,0.6736,0.6208,15.5359,84.7115,0.6414,0.1335,0.074,0.7064,0.6341,13.547,97.4364,0.6354,0.1051,0.0568,0.7192,0.6463,10.7338,100.15,0.6321,0.0878,0.0468,0.7364,0.6509,9.4385,104.8042,0.6282,0.8967
Contras-MM-90-Minimal-20,12,0.278,0.1842,0.6229,0.6238,16.3715,53.9254,0.6309,0.1781,0.1035,0.6752,0.6115,12.2468,67.1376,0.6211,0.1325,0.0734,0.7034,0.6253,10.0406,74.6342,0.6179,0.1057,0.0571,0.7212,0.6358,9.1227,82.2044,0.6146,0.0883,0.047,0.7412,0.6451,8.1991,87.1098,0.6111,0.8858
Contras-MM-90-Minimal-20,123,0.2833,0.1877,0.6352,0.6313,19.1824,62.677,0.6453,0.1773,0.1031,0.6783,0.6177,13.6236,75.3432,0.6404,0.1346,0.0746,0.7137,0.6306,11.5655,85.258,0.6271,0.1079,0.0584,0.7392,0.6419,9.6886,90.0283,0.623,0.0888,0.0473,0.7484,0.6503,8.0087,91.4384,0.6207,0.9048
Contras-MM-90-Minimal-20,1234,0.2847,0.1886,0.6316,0.6175,15.7502,52.6986,0.6308,0.1789,0.104,0.6754,0.6072,11.4185,63.6501,0.623,0.1319,0.0731,0.7022,0.6169,9.3759,70.5584,0.6202,0.1051,0.0568,0.7167,0.6311,8.0789,75.5351,0.6172,0.0873,0.0465,0.7326,0.6359,6.9318,78.068,0.6143,0.8761
Contras-MM-90-Minimal-20,12345,0.2847,0.1886,0.6363,0.629,19.4695,66.2391,0.6371,0.1792,0.1042,0.6793,0.6186,13.5662,78.3249,0.6305,0.133,0.0737,0.7063,0.6322,10.7493,85.131,0.6251,0.1061,0.0574,0.726,0.6437,9.4762,91.7251,0.6209,0.088,0.0469,0.7335,0.6511,8.1433,94.8137,0.6179,0.896
